Customer_ID,Age,Gender,Tenure_Months,Monthly_Spend,Total_Spend,Num_Orders,Avg_Order_Value,Support_Calls,Last_Purchase_Days,Discount_Usage,Churn
Customer_0001,56,Male,17,790.55,13439.35,36,373.32,5,12,7,1
Customer_0002,69,Male,50,583.1,29155.0,100,291.55,2,156,7,0
Customer_0003,46,Male,40,575.24,23009.6,23,1000.42,3,172,3,1
Customer_0004,32,Female,45,403.22,18144.9,58,312.84,3,171,3,1
Customer_0005,60,Male,32,511.13,16356.16,76,215.21,0,145,3,0
Customer_0006,25,Male,29,409.24,11867.96,22,539.45,2,40,0,0
Customer_0007,38,Male,51,548.94,27995.94,101,277.19,4,177,3,1
Customer_0008,56,Female,58,635.39,36852.62,142,259.53,2,85,3,0
Customer_0009,36,Female,3,680.82,2042.46,2,1021.23,0,57,4,0
Customer_0010,40,Male,56,541.83,30342.48,104,291.75,1,87,1,0
Customer_0011,28,Male,40,726.99,29079.6,57,510.17,1,84,3,0
Customer_0012,28,Male,34,158.45,5387.3,56,96.2,1,121,4,0
Customer_0013,41,Male,40,227.74,9109.6,27,337.39,3,74,4,0
Customer_0014,53,Female,27,822.36,22203.72,16,1387.73,2,107,2,0
Customer_0015,57,Female,13,336.08,4369.04,24,182.04,3,124,5,0
Customer_0016,41,Female,45,42.44,1909.8,97,19.69,3,100,2,0
Customer_0017,20,Female,33,170.72,5633.76,68,82.85,2,43,4,0
Customer_0018,39,Male,6,239.14,1434.84,10,143.48,1,119,3,0
Customer_0019,19,Male,24,958.18,22996.32,17,1352.72,1,23,3,0
Customer_0020,41,Male,19,581.58,11050.02,36,306.94,5,155,2,1
Customer_0021,61,Female,16,934.08,14945.28,16,934.08,1,37,2,0
Customer_0022,47,Male,40,583.66,23346.4,93,251.04,2,134,1,1
Customer_0023,55,Female,28,489.77,13713.56,61,224.81,2,65,3,0
Customer_0024,19,Female,33,327.45,10805.85,63,171.52,0,134,5,0
Customer_0025,38,Male,59,614.24,36240.16,141,257.02,0,178,1,0
Customer_0026,50,Male,59,156.41,9228.19,33,279.64,3,22,2,0
Customer_0027,29,Male,48,900.3,43214.4,95,454.89,1,105,3,0
Customer_0028,39,Female,41,832.75,34142.75,48,711.31,4,88,2,1
Customer_0029,61,Male,13,331.18,4305.34,30,143.51,4,153,3,1
Customer_0030,42,Female,43,953.74,41010.82,44,932.06,1,125,4,0
Customer_0031,66,Male,45,828.7,37291.5,88,423.77,5,79,1,0
Customer_0032,44,Female,25,672.98,16824.5,56,300.44,1,90,1,0
Customer_0033,59,Female,53,139.33,7384.49,31,238.21,0,51,3,0
Customer_0034,45,Male,42,488.67,20524.14,54,380.08,2,176,3,1
Customer_0035,33,Female,36,515.99,18575.64,73,254.46,3,102,3,1
Customer_0036,32,Female,27,247.9,6693.3,38,176.14,1,106,2,0
Customer_0037,64,Male,38,98.37,3738.06,39,95.85,1,60,1,0
Customer_0038,68,Female,60,781.19,46871.4,56,836.99,1,46,3,0
Customer_0039,61,Male,7,139.59,977.13,5,195.43,3,36,5,1
Customer_0040,69,Female,5,602.4,3012.0,11,273.82,2,166,0,1
Customer_0041,20,Male,43,937.72,40321.96,71,567.91,2,11,8,0
Customer_0042,54,Male,45,878.58,39536.1,29,1363.31,0,12,4,0
Customer_0043,68,Female,58,292.2,16947.6,73,232.16,1,170,1,0
Customer_0044,24,Female,57,854.42,48701.94,70,695.74,1,39,6,0
Customer_0045,38,Female,51,20.33,1036.83,44,23.56,5,139,0,1
Customer_0046,26,Female,31,37.33,1157.23,43,26.91,4,36,7,0
Customer_0047,56,Female,23,610.5,14041.5,27,520.06,2,52,1,1
Customer_0048,35,Male,42,377.5,15855.0,50,317.1,2,31,3,0
Customer_0049,21,Female,10,398.73,3987.3,20,199.36,0,33,1,0
Customer_0050,42,Male,32,573.15,18340.8,30,611.36,0,141,1,1
Customer_0051,31,Male,43,207.95,8941.85,77,116.13,1,146,2,1
Customer_0052,67,Female,53,227.52,12058.56,87,138.6,2,169,8,0
Customer_0053,26,Male,30,494.91,14847.3,49,303.01,3,58,2,0
Customer_0054,43,Male,39,759.17,29607.63,71,417.01,2,152,6,1
Customer_0055,19,Male,31,627.11,19440.41,49,396.74,0,128,3,1
Customer_0056,37,Male,18,311.41,5605.38,41,136.72,1,31,3,0
Customer_0057,45,Female,36,441.73,15902.28,67,237.35,4,55,5,0
Customer_0058,64,Male,2,187.25,374.5,3,124.83,1,10,8,0
Customer_0059,24,Female,14,93.14,1303.96,30,43.47,3,130,3,0
Customer_0060,61,Female,13,787.04,10231.52,22,465.07,0,15,2,0
Customer_0061,25,Male,29,280.08,8122.32,31,262.01,1,3,2,0
Customer_0062,64,Female,12,194.21,2330.52,11,211.87,3,43,3,0
Customer_0063,52,Female,39,697.79,27213.81,31,877.86,2,159,6,1
Customer_0064,31,Female,2,625.69,1251.38,5,250.28,3,67,3,0
Customer_0065,34,Male,32,640.53,20496.96,61,336.02,1,56,4,0
Customer_0066,53,Female,13,244.32,3176.16,31,102.46,1,63,4,0
Customer_0067,67,Female,46,247.99,11407.54,79,144.4,2,15,3,0
Customer_0068,57,Female,27,236.39,6382.53,39,163.65,2,109,4,0
Customer_0069,21,Male,49,190.28,9323.72,30,310.79,2,116,5,0
Customer_0070,19,Female,41,662.61,27167.01,76,357.46,4,92,6,0
Customer_0071,23,Male,17,851.06,14468.02,28,516.72,1,138,3,0
Customer_0072,59,Male,40,729.83,29193.2,99,294.88,2,166,4,1
Customer_0073,21,Male,31,796.25,24683.75,30,822.79,2,47,6,0
Customer_0074,46,Male,34,416.7,14167.8,53,267.32,2,57,2,0
Customer_0075,35,Male,60,660.99,39659.4,108,367.22,2,50,8,0
Customer_0076,43,Male,24,367.15,8811.6,43,204.92,2,71,3,0
Customer_0077,61,Female,45,534.99,24074.55,73,329.79,2,143,1,0
Customer_0078,51,Male,35,492.0,17220.0,72,239.17,1,146,4,0
Customer_0079,27,Female,48,193.35,9280.8,44,210.93,1,82,4,0
Customer_0080,53,Female,6,399.34,2396.04,12,199.67,3,116,1,1
Customer_0081,31,Male,19,964.55,18326.45,33,555.35,1,105,1,0
Customer_0082,48,Female,30,263.61,7908.3,69,114.61,2,88,5,0
Customer_0083,65,Female,7,151.13,1057.91,15,70.53,3,2,4,0
Customer_0084,32,Female,10,430.21,4302.1,11,391.1,3,104,3,0
Customer_0085,25,Female,41,794.53,32575.73,43,757.58,5,84,2,0
Customer_0086,31,Male,32,590.51,18896.32,79,239.19,1,43,1,0
Customer_0087,40,Female,34,687.36,23370.24,53,440.95,3,154,5,1
Customer_0088,57,Male,28,205.9,5765.2,65,88.7,2,71,5,0
Customer_0089,38,Female,60,626.57,37594.2,50,751.88,3,166,2,1
Customer_0090,33,Female,15,337.03,5055.45,27,187.24,1,94,4,0
Customer_0091,62,Male,30,837.62,25128.6,64,392.63,1,42,6,0
Customer_0092,35,Female,37,636.71,23558.27,89,264.7,4,133,2,1
Customer_0093,64,Female,29,214.88,6231.52,34,183.28,0,139,4,0
Customer_0094,41,Female,22,83.32,1833.04,43,42.63,4,65,3,1
Customer_0095,43,Male,4,61.78,247.12,6,41.19,2,34,4,0
Customer_0096,42,Female,20,383.98,7679.6,12,639.97,1,120,5,0
Customer_0097,62,Male,32,280.53,8976.96,60,149.62,0,1,0,0
Customer_0098,58,Female,36,653.17,23514.12,68,345.8,3,130,4,0
Customer_0099,46,Male,50,509.35,25467.5,118,215.83,1,148,1,0
Customer_0100,32,Male,4,280.7,1122.8,6,187.13,1,61,1,1
Customer_0101,62,Female,27,166.25,4488.75,26,172.64,2,149,3,1
Customer_0102,18,Female,17,144.66,2459.22,10,245.92,0,88,2,0
Customer_0103,42,Male,12,867.37,10408.44,16,650.53,5,68,1,1
Customer_0104,24,Male,22,258.61,5689.42,24,237.06,3,127,2,1
Customer_0105,26,Female,17,658.68,11197.56,34,329.34,0,140,2,0
Customer_0106,41,Male,10,814.47,8144.7,12,678.72,3,22,4,0
Customer_0107,18,Female,54,621.8,33577.2,129,260.29,1,148,5,0
Customer_0108,61,Female,1,862.37,862.37,2,431.18,0,82,3,1
Customer_0109,25,Female,22,404.55,8900.1,38,234.21,1,129,3,0
Customer_0110,41,Female,26,957.1,24884.6,61,407.94,1,30,1,0
Customer_0111,28,Male,56,150.48,8426.88,113,74.57,1,126,0,0
Customer_0112,68,Female,59,120.11,7086.49,94,75.39,0,97,3,0
Customer_0113,34,Male,18,665.52,11979.36,15,798.62,1,24,7,0
Customer_0114,25,Female,50,943.97,47198.5,71,664.77,2,14,1,0
Customer_0115,52,Male,14,812.71,11377.94,23,494.69,4,36,8,1
Customer_0116,52,Female,47,94.89,4459.83,105,42.47,3,24,4,0
Customer_0117,50,Male,29,293.78,8519.62,42,202.85,1,95,5,0
Customer_0118,22,Male,12,931.71,11180.52,28,399.3,3,55,3,1
Customer_0119,59,Female,36,268.0,9648.0,67,144.0,1,24,4,0
Customer_0120,56,Female,59,785.55,46347.45,46,1007.55,2,152,4,0
Customer_0121,58,Female,35,828.63,29002.05,87,333.36,2,26,3,0
Customer_0122,45,Female,52,505.54,26288.08,81,324.54,2,80,4,0
Customer_0123,24,Male,12,398.62,4783.44,15,318.9,1,166,4,1
Customer_0124,26,Female,7,461.12,3227.84,13,248.3,0,65,4,0
Customer_0125,25,Male,29,242.43,7030.47,21,334.78,3,75,3,1
Customer_0126,29,Male,11,891.6,9807.6,20,490.38,1,179,7,1
Customer_0127,51,Female,33,461.61,15233.13,49,310.88,0,163,3,0
Customer_0128,50,Male,6,884.81,5308.86,8,663.61,2,43,1,1
Customer_0129,65,Male,47,123.58,5808.26,113,51.4,0,29,5,0
Customer_0130,40,Male,15,988.51,14827.65,23,644.68,1,165,3,1
Customer_0131,41,Male,32,454.41,14541.12,30,484.7,2,81,4,0
Customer_0132,54,Female,51,66.87,3410.37,72,47.37,1,54,3,0
Customer_0133,52,Female,11,57.26,629.86,26,24.23,5,39,3,1
Customer_0134,61,Female,58,751.28,43574.24,49,889.27,3,42,4,0
Customer_0135,57,Female,23,665.85,15314.55,21,729.26,1,156,0,1
Customer_0136,39,Male,26,806.09,20958.34,14,1497.02,1,29,3,0
Customer_0137,44,Male,34,123.26,4190.84,18,232.82,0,171,5,1
Customer_0138,52,Female,46,54.86,2523.56,99,25.49,0,131,3,0
Customer_0139,18,Female,34,518.41,17625.94,67,263.07,2,138,2,1
Customer_0140,52,Female,29,399.84,11595.36,35,331.3,2,142,2,1
Customer_0141,54,Male,4,472.71,1890.84,8,236.36,4,175,4,1
Customer_0142,64,Female,17,991.76,16859.92,22,766.36,0,42,5,0
Customer_0143,31,Female,35,971.33,33996.55,84,404.72,1,94,6,0
Customer_0144,20,Female,13,943.47,12265.11,32,383.28,1,160,4,1
Customer_0145,18,Male,41,788.17,32314.97,53,609.72,1,32,3,0
Customer_0146,22,Male,39,367.74,14341.86,86,166.77,2,170,7,0
Customer_0147,43,Male,15,423.89,6358.35,31,205.11,0,160,2,1
Customer_0148,31,Male,55,558.62,30724.1,62,495.55,1,26,2,0
Customer_0149,56,Male,29,833.92,24183.68,28,863.7,0,115,3,0
Customer_0150,44,Male,29,87.34,2532.86,41,61.78,3,129,2,0
Customer_0151,26,Male,11,435.81,4793.91,23,208.43,2,56,3,0
Customer_0152,32,Male,52,100.97,5250.44,126,41.67,1,122,2,0
Customer_0153,32,Female,32,524.36,16779.52,65,258.15,1,106,2,0
Customer_0154,43,Female,2,900.92,1801.84,4,450.46,2,130,3,1
Customer_0155,59,Male,47,786.84,36981.48,80,462.27,1,81,6,0
Customer_0156,30,Male,14,243.29,3406.06,30,113.54,0,158,2,1
Customer_0157,68,Female,20,976.47,19529.4,41,476.33,5,120,7,1
Customer_0158,49,Male,22,674.0,14828.0,28,529.57,4,52,3,0
Customer_0159,56,Male,11,30.22,332.42,18,18.47,2,91,4,1
Customer_0160,66,Male,27,270.31,7298.37,57,128.04,0,137,1,0
Customer_0161,69,Female,3,275.5,826.5,2,413.25,3,22,0,0
Customer_0162,49,Female,17,87.87,1493.79,36,41.49,2,34,3,0
Customer_0163,21,Female,44,960.63,42267.72,38,1112.31,6,110,4,1
Customer_0164,47,Female,56,488.69,27366.64,86,318.22,3,49,2,0
Customer_0165,54,Female,28,897.9,25141.2,59,426.12,1,129,3,0
Customer_0166,40,Male,29,335.77,9737.33,29,335.77,2,73,6,0
Customer_0167,56,Female,21,142.73,2997.33,21,142.73,1,84,3,0
Customer_0168,62,Male,47,484.85,22787.95,61,373.57,3,53,2,0
Customer_0169,32,Male,16,131.68,2106.88,37,56.94,0,100,1,0
Customer_0170,60,Female,37,496.3,18363.1,19,966.48,4,124,3,1
Customer_0171,46,Female,59,921.89,54391.51,136,399.94,3,168,4,0
Customer_0172,53,Male,20,530.35,10607.0,16,662.94,1,45,3,1
Customer_0173,30,Male,6,624.17,3745.02,15,249.67,2,137,2,1
Customer_0174,49,Male,19,173.51,3296.69,46,71.67,0,105,3,0
Customer_0175,24,Female,57,62.86,3583.02,85,42.15,6,150,0,1
Customer_0176,68,Female,5,128.59,642.95,8,80.37,3,146,2,1
Customer_0177,39,Female,3,606.56,1819.68,4,454.92,1,106,6,1
Customer_0178,45,Female,59,113.11,6673.49,104,64.17,0,43,2,0
Customer_0179,19,Female,1,388.47,388.47,1,388.47,3,167,3,1
Customer_0180,59,Male,58,559.09,32427.22,33,982.64,0,134,5,0
Customer_0181,62,Female,60,400.88,24052.8,37,650.08,2,48,3,0
Customer_0182,23,Male,38,180.41,6855.58,53,129.35,2,126,3,0
Customer_0183,45,Male,15,288.32,4324.8,16,270.3,3,7,2,0
Customer_0184,45,Male,34,929.75,31611.5,59,535.79,2,16,3,1
Customer_0185,61,Female,35,682.46,23886.1,87,274.55,2,129,0,1
Customer_0186,61,Female,49,506.13,24800.37,62,400.01,2,115,2,0
Customer_0187,37,Female,25,32.46,811.5,41,19.79,3,37,1,0
Customer_0188,47,Male,24,992.57,23821.68,32,744.43,2,165,1,1
Customer_0189,28,Male,12,678.03,8136.36,26,312.94,1,125,3,1
Customer_0190,45,Male,18,330.58,5950.44,41,145.13,2,81,7,0
Customer_0191,42,Male,15,881.68,13225.2,34,388.98,3,62,3,0
Customer_0192,56,Male,44,273.26,12023.44,108,111.33,2,72,2,0
Customer_0193,50,Male,16,553.14,8850.24,9,983.36,0,125,2,1
Customer_0194,18,Female,27,643.35,17370.45,59,294.41,3,161,3,1
Customer_0195,44,Female,8,236.64,1893.12,16,118.32,3,66,6,0
Customer_0196,69,Female,60,978.83,58729.8,57,1030.35,2,30,3,0
Customer_0197,30,Female,46,753.23,34648.58,111,312.15,1,20,2,0
Customer_0198,58,Male,25,566.66,14166.5,20,708.32,6,82,3,1
Customer_0199,20,Male,17,196.98,3348.66,32,104.65,6,107,6,0
Customer_0200,56,Female,29,72.78,2110.62,28,75.38,3,152,1,1
Customer_0201,23,Male,53,333.66,17683.98,72,245.61,3,132,2,0
Customer_0202,25,Female,8,758.12,6064.96,16,379.06,2,37,5,0
Customer_0203,44,Female,15,283.94,4259.1,24,177.46,0,132,4,1
Customer_0204,26,Female,27,548.77,14816.79,37,400.45,1,77,2,0
Customer_0205,54,Male,46,733.39,33735.94,53,636.53,1,89,2,0
Customer_0206,50,Female,50,125.78,6289.0,109,57.7,0,146,3,0
Customer_0207,68,Female,52,691.59,35962.68,41,877.14,4,88,3,1
Customer_0208,59,Female,7,110.03,770.21,10,77.02,3,176,3,0
Customer_0209,61,Male,3,965.83,2897.49,7,413.93,3,33,6,0
Customer_0210,41,Male,29,498.63,14460.27,64,225.94,1,58,0,0
Customer_0211,32,Female,44,167.66,7377.04,57,129.42,2,28,4,0
Customer_0212,49,Male,53,355.54,18843.62,107,176.11,2,35,1,0
Customer_0213,49,Male,24,425.15,10203.6,52,196.22,1,125,4,0
Customer_0214,41,Male,60,763.02,45781.2,137,334.17,2,138,1,1
Customer_0215,58,Male,58,748.56,43416.48,92,471.92,0,65,1,0
Customer_0216,69,Male,3,619.7,1859.1,3,619.7,1,42,3,0
Customer_0217,66,Male,20,123.81,2476.2,20,123.81,0,85,2,0
Customer_0218,66,Male,46,168.54,7752.84,50,155.06,1,137,0,0
Customer_0219,69,Male,15,111.88,1678.2,25,67.13,3,111,2,0
Customer_0220,29,Male,25,585.63,14640.75,14,1045.77,2,15,3,0
Customer_0221,56,Male,30,879.6,26388.0,53,497.89,3,69,3,0
Customer_0222,19,Female,14,445.12,6231.68,17,366.57,2,105,2,1
Customer_0223,20,Female,7,177.63,1243.41,8,155.43,1,150,10,1
Customer_0224,66,Male,17,566.88,9636.96,38,253.6,3,64,4,1
Customer_0225,54,Female,44,815.52,35882.88,62,578.76,1,41,2,0
Customer_0226,66,Female,20,746.88,14937.6,14,1066.97,2,71,2,1
Customer_0227,34,Male,36,883.82,31817.52,78,407.92,3,56,3,0
Customer_0228,66,Male,9,292.34,2631.06,5,526.21,2,151,3,1
Customer_0229,19,Male,38,210.07,7982.66,74,107.87,1,25,3,0
Customer_0230,19,Female,48,882.22,42346.56,98,432.11,4,105,0,1
Customer_0231,45,Female,57,664.41,37871.37,69,548.86,1,134,0,0
Customer_0232,40,Male,60,324.71,19482.6,129,151.03,2,119,4,0
Customer_0233,54,Male,22,747.5,16445.0,34,483.68,0,162,2,1
Customer_0234,49,Male,54,818.82,44216.28,77,574.24,0,9,4,0
Customer_0235,50,Female,53,622.68,33002.04,31,1064.58,1,60,2,0
Customer_0236,18,Female,53,694.13,36788.89,57,645.42,3,125,1,1
Customer_0237,36,Female,2,387.75,775.5,5,155.1,1,49,2,0
Customer_0238,19,Female,24,547.92,13150.08,31,424.2,1,51,2,0
Customer_0239,61,Male,8,533.68,4269.44,13,328.42,0,70,4,0
Customer_0240,43,Male,11,851.09,9361.99,17,550.71,2,37,2,0
Customer_0241,49,Male,13,843.16,10961.08,22,498.23,1,31,3,0
Customer_0242,23,Male,17,836.03,14212.51,11,1292.05,2,169,0,1
Customer_0243,49,Female,8,30.81,246.48,10,24.65,1,62,2,0
Customer_0244,21,Female,21,754.55,15845.55,41,386.48,1,93,1,0
Customer_0245,28,Male,18,763.5,13743.0,16,858.94,4,14,5,0
Customer_0246,34,Male,30,684.81,20544.3,27,760.9,2,164,4,1
Customer_0247,55,Female,18,761.14,13700.52,9,1522.28,0,164,6,1
Customer_0248,41,Male,46,845.13,38875.98,63,617.08,1,79,3,0
Customer_0249,22,Female,47,480.91,22602.77,106,213.23,2,8,11,0
Customer_0250,69,Male,31,512.01,15872.31,19,835.38,4,154,1,1
Customer_0251,51,Male,38,142.22,5404.36,34,158.95,1,36,1,0
Customer_0252,23,Male,32,397.67,12725.44,36,353.48,0,48,2,0
Customer_0253,39,Male,11,650.5,7155.5,22,325.25,3,85,4,1
Customer_0254,28,Male,45,784.79,35315.55,80,441.44,1,28,2,0
Customer_0255,65,Male,25,232.86,5821.5,33,176.41,5,51,2,1
Customer_0256,33,Male,33,155.07,5117.31,67,76.38,2,104,2,1
Customer_0257,50,Female,60,669.78,40186.8,103,390.16,6,170,3,1
Customer_0258,26,Female,38,21.84,829.92,87,9.54,0,101,1,0
Customer_0259,23,Female,41,194.81,7987.21,88,90.76,2,29,0,0
Customer_0260,33,Female,8,48.49,387.92,8,48.49,1,127,1,1
Customer_0261,46,Female,11,183.55,2019.05,11,183.55,2,82,3,0
Customer_0262,20,Male,22,197.69,4349.18,17,255.83,0,10,7,0
Customer_0263,37,Male,51,399.92,20395.92,60,339.93,2,106,4,0
Customer_0264,53,Female,24,414.28,9942.72,60,165.71,2,167,6,1
Customer_0265,36,Male,41,876.78,35947.98,54,665.7,1,1,5,0
Customer_0266,43,Female,17,519.91,8838.47,16,552.4,3,39,2,0
Customer_0267,20,Female,12,728.94,8747.28,24,364.47,1,21,3,0
Customer_0268,36,Male,57,122.05,6956.85,90,77.3,0,65,5,0
Customer_0269,37,Male,46,240.93,11082.78,37,299.53,1,15,5,0
Customer_0270,49,Male,32,708.88,22684.16,40,567.1,1,132,3,0
Customer_0271,24,Female,15,71.75,1076.25,20,53.81,2,61,4,0
Customer_0272,69,Male,16,496.87,7949.92,32,248.44,3,148,3,1
Customer_0273,58,Female,54,607.38,32798.52,29,1130.98,5,138,0,1
Customer_0274,50,Female,22,610.1,13422.2,23,583.57,1,87,7,0
Customer_0275,57,Female,28,42.47,1189.16,43,27.65,2,105,2,0
Customer_0276,56,Male,20,335.67,6713.4,21,319.69,3,34,5,1
Customer_0277,35,Male,33,643.76,21244.08,58,366.28,3,124,1,0
Customer_0278,57,Female,10,166.02,1660.2,15,110.68,3,110,1,1
Customer_0279,18,Male,40,701.51,28060.4,49,572.66,0,176,1,1
Customer_0280,28,Male,32,751.01,24032.32,77,312.11,3,33,3,0
Customer_0281,45,Male,50,982.33,49116.5,88,558.14,3,98,3,0
Customer_0282,42,Female,60,225.65,13539.0,46,294.33,2,61,1,0
Customer_0283,67,Female,33,828.63,27344.79,53,515.94,4,10,3,0
Customer_0284,40,Male,2,529.89,1059.78,4,264.94,2,84,3,0
Customer_0285,48,Female,33,385.99,12737.67,63,202.19,1,65,7,0
Customer_0286,47,Male,33,139.93,4617.69,28,164.92,0,77,4,0
Customer_0287,59,Male,41,740.8,30372.8,100,303.73,2,1,3,0
Customer_0288,52,Male,13,251.14,3264.82,18,181.38,0,133,3,0
Customer_0289,24,Male,30,383.99,11519.7,25,460.79,3,80,1,0
Customer_0290,33,Female,33,81.29,2682.57,28,95.81,1,15,5,0
Customer_0291,43,Female,13,805.34,10469.42,9,1163.27,0,28,2,0
Customer_0292,65,Female,52,771.26,40105.52,110,364.6,2,23,2,0
Customer_0293,69,Male,26,738.94,19212.44,19,1011.18,0,109,2,0
Customer_0294,66,Male,22,313.45,6895.9,17,405.64,1,107,5,0
Customer_0295,19,Male,39,190.01,7410.39,86,86.17,1,145,2,1
Customer_0296,18,Female,2,644.8,1289.6,2,644.8,2,113,1,1
Customer_0297,65,Male,38,506.24,19237.12,21,916.05,1,98,7,0
Customer_0298,29,Female,39,194.69,7592.91,24,316.37,0,141,6,1
Customer_0299,22,Female,26,692.19,17996.94,20,899.85,1,142,2,1
Customer_0300,54,Female,46,991.3,45599.8,43,1060.46,0,139,2,0
Customer_0301,49,Female,58,752.28,43632.24,106,411.62,2,28,3,0
Customer_0302,26,Female,50,745.19,37259.5,41,908.77,2,42,4,0
Customer_0303,58,Female,15,951.31,14269.65,11,1297.24,1,99,2,0
Customer_0304,52,Male,34,218.88,7441.92,69,107.85,2,61,2,0
Customer_0305,36,Male,42,574.24,24118.08,77,313.22,3,123,2,1
Customer_0306,65,Female,55,980.05,53902.75,75,718.7,1,64,4,0
Customer_0307,33,Female,44,181.99,8007.56,70,114.39,2,31,5,0
Customer_0308,20,Male,49,706.25,34606.25,55,629.2,3,81,3,0
Customer_0309,37,Female,40,594.09,23763.6,59,402.77,2,10,3,0
Customer_0310,41,Female,11,594.75,6542.25,17,384.84,3,8,2,0
Customer_0311,50,Male,3,703.72,2111.16,4,527.79,2,149,5,1
Customer_0312,41,Female,59,931.02,54930.18,136,403.9,2,59,2,0
Customer_0313,69,Female,6,786.93,4721.58,3,1573.86,1,178,3,1
Customer_0314,28,Female,9,75.01,675.09,19,35.53,6,30,3,0
Customer_0315,66,Male,6,855.67,5134.02,4,1283.51,2,145,2,1
Customer_0316,25,Male,9,241.03,2169.27,19,114.17,2,20,1,0
Customer_0317,53,Male,39,389.38,15185.82,68,223.32,1,48,1,0
Customer_0318,55,Female,31,472.5,14647.5,68,215.4,1,130,4,1
Customer_0319,57,Female,32,491.29,15721.28,22,714.6,1,37,1,0
Customer_0320,37,Male,41,446.48,18305.68,66,277.36,2,129,3,1
Customer_0321,52,Female,50,938.61,46930.5,75,625.74,5,132,2,1
Customer_0322,65,Female,12,711.9,8542.8,23,371.43,2,100,1,1
Customer_0323,42,Female,8,638.55,5108.4,13,392.95,1,54,6,1
Customer_0324,52,Female,8,68.85,550.8,13,42.37,1,122,2,1
Customer_0325,42,Female,50,905.84,45292.0,68,666.06,2,25,4,0
Customer_0326,46,Male,28,911.2,25513.6,31,823.02,3,131,4,1
Customer_0327,35,Female,20,784.61,15692.2,29,541.11,1,9,7,0
Customer_0328,63,Male,47,26.89,1263.83,35,36.11,2,34,2,0
Customer_0329,35,Female,59,76.13,4491.67,143,31.41,5,43,8,0
Customer_0330,19,Male,7,240.72,1685.04,14,120.36,1,74,3,1
Customer_0331,52,Female,11,148.72,1635.92,26,62.92,2,94,4,0
Customer_0332,33,Male,20,410.86,8217.2,19,432.48,4,22,4,0
Customer_0333,58,Female,16,924.17,14786.72,36,410.74,4,70,5,1
Customer_0334,53,Male,4,482.62,1930.48,8,241.31,3,130,1,1
Customer_0335,50,Female,6,33.13,198.78,11,18.07,2,94,3,1
Customer_0336,21,Male,58,297.09,17231.22,102,168.93,2,32,2,0
Customer_0337,50,Female,22,63.7,1401.4,25,56.06,1,106,1,0
Customer_0338,31,Male,26,55.56,1444.56,55,26.26,1,144,2,0
Customer_0339,38,Male,3,290.21,870.63,5,174.13,1,1,3,0
Customer_0340,65,Female,41,290.1,11894.1,26,457.47,3,72,7,0
Customer_0341,37,Female,60,791.38,47482.8,68,698.28,4,176,4,1
Customer_0342,25,Male,42,975.34,40964.28,100,409.64,0,50,1,0
Customer_0343,24,Female,14,383.78,5372.92,31,173.32,3,141,1,1
Customer_0344,20,Male,11,440.31,4843.41,27,179.39,3,15,1,0
Customer_0345,34,Male,18,847.89,15262.02,32,476.94,2,53,4,0
Customer_0346,50,Male,54,282.78,15270.12,54,282.78,3,172,6,0
Customer_0347,65,Female,12,173.25,2079.0,10,207.9,5,8,6,0
Customer_0348,29,Male,23,856.03,19688.69,20,984.43,3,74,0,1
Customer_0349,68,Male,12,65.57,786.84,6,131.14,1,46,8,0
Customer_0350,39,Female,13,627.31,8155.03,17,479.71,2,69,3,1
Customer_0351,39,Female,25,570.75,14268.75,22,648.58,0,114,4,1
Customer_0352,63,Female,45,359.0,16155.0,60,269.25,2,147,2,1
Customer_0353,47,Female,51,328.89,16773.39,121,138.62,3,166,2,0
Customer_0354,55,Male,58,776.42,45032.36,79,570.03,4,123,2,1
Customer_0355,55,Male,19,104.7,1989.3,43,46.26,0,139,0,1
Customer_0356,62,Male,55,252.05,13862.75,94,147.48,1,117,6,0
Customer_0357,68,Male,46,737.8,33938.8,46,737.8,1,43,4,0
Customer_0358,25,Female,36,557.35,20064.6,44,456.01,1,20,3,0
Customer_0359,44,Male,45,145.43,6544.35,30,218.14,0,148,3,0
Customer_0360,44,Male,8,884.49,7075.92,9,786.21,1,21,1,1
Customer_0361,51,Female,29,405.58,11761.82,54,217.81,2,82,5,0
Customer_0362,38,Male,55,831.31,45722.05,35,1306.34,3,57,3,0
Customer_0363,47,Male,53,791.96,41973.88,48,874.46,4,178,4,1
Customer_0364,50,Male,55,631.94,34756.7,69,503.72,1,74,2,0
Customer_0365,45,Male,32,504.59,16146.88,79,204.39,4,98,0,0
Customer_0366,64,Male,51,979.96,49977.96,106,471.49,1,154,1,0
Customer_0367,50,Male,44,162.07,7131.08,87,81.97,2,158,1,0
Customer_0368,22,Female,18,730.65,13151.7,13,1011.67,1,110,4,1
Customer_0369,65,Female,6,207.37,1244.22,12,103.68,2,115,0,0
Customer_0370,36,Male,18,351.5,6327.0,37,171.0,5,159,2,1
Customer_0371,21,Male,19,322.52,6127.88,32,191.5,2,42,3,0
Customer_0372,52,Female,22,948.1,20858.2,55,379.24,0,68,3,0
Customer_0373,66,Male,37,968.01,35816.37,43,832.94,2,70,3,0
Customer_0374,34,Male,32,199.36,6379.52,76,83.94,2,78,1,0
Customer_0375,61,Male,56,41.59,2329.04,130,17.92,2,90,2,0
Customer_0376,45,Female,41,725.61,29750.01,21,1416.67,1,111,3,0
Customer_0377,47,Male,59,429.63,25348.17,83,305.4,5,112,4,1
Customer_0378,46,Female,3,107.06,321.18,7,45.88,1,103,4,0
Customer_0379,63,Male,28,690.08,19322.24,20,966.11,1,145,1,0
Customer_0380,23,Female,10,554.2,5542.0,16,346.38,3,19,0,1
Customer_0381,52,Female,51,980.91,50026.41,125,400.21,4,179,3,1
Customer_0382,58,Male,35,242.86,8500.1,56,151.79,4,70,4,0
Customer_0383,54,Female,29,415.9,12061.1,26,463.89,0,63,0,0
Customer_0384,41,Male,54,551.69,29791.26,90,331.01,1,75,1,0
Customer_0385,46,Female,15,795.87,11938.05,14,852.72,2,158,4,1
Customer_0386,66,Male,33,557.86,18409.38,51,360.97,1,153,2,1
Customer_0387,63,Male,7,620.64,4344.48,5,868.9,1,104,5,1
Customer_0388,48,Female,12,241.62,2899.44,21,138.07,1,75,5,1
Customer_0389,52,Male,49,849.98,41649.02,75,555.32,5,128,4,1
Customer_0390,50,Male,30,440.06,13201.8,59,223.76,3,154,2,1
Customer_0391,69,Female,21,158.14,3320.94,37,89.76,4,56,5,0
Customer_0392,38,Male,31,670.9,20797.9,50,415.96,1,22,6,0
Customer_0393,49,Male,58,231.77,13442.66,109,123.33,1,89,1,0
Customer_0394,40,Female,24,115.61,2774.64,19,146.03,1,19,2,0
Customer_0395,50,Female,20,864.75,17295.0,34,508.68,1,159,2,1
Customer_0396,20,Male,37,470.96,17425.52,31,562.11,1,26,2,0
Customer_0397,35,Male,4,754.3,3017.2,9,335.24,2,170,3,1
Customer_0398,42,Female,28,304.78,8533.84,18,474.1,0,169,1,1
Customer_0399,59,Female,44,791.23,34814.12,60,580.24,2,23,4,0
Customer_0400,48,Male,20,129.7,2594.0,38,68.26,7,47,2,0
Customer_0401,20,Female,60,368.85,22131.0,85,260.36,2,13,0,0
Customer_0402,57,Male,24,978.5,23484.0,16,1467.75,3,66,1,0
Customer_0403,63,Male,50,798.11,39905.5,80,498.82,1,144,5,0
Customer_0404,41,Male,49,507.31,24858.19,87,285.73,2,73,5,0
Customer_0405,67,Male,51,352.98,18001.98,97,185.59,2,156,3,0
Customer_0406,49,Male,32,874.69,27990.08,40,699.75,3,77,2,1
Customer_0407,64,Female,41,553.95,22711.95,67,338.98,1,163,1,0
Customer_0408,39,Female,36,763.26,27477.36,50,549.55,4,169,2,1
Customer_0409,40,Female,58,759.03,44023.74,107,411.44,3,31,3,0
Customer_0410,19,Female,53,37.59,1992.27,88,22.64,3,85,3,0
Customer_0411,44,Male,34,143.73,4886.82,53,92.2,7,160,5,1
Customer_0412,59,Male,36,666.44,23991.84,36,666.44,3,59,3,0
Customer_0413,19,Male,2,178.39,356.78,1,356.78,5,41,2,1
Customer_0414,43,Male,15,270.38,4055.7,13,311.98,3,112,5,1
Customer_0415,34,Female,34,947.71,32222.14,25,1288.89,2,96,3,0
Customer_0416,57,Male,36,568.98,20483.28,50,409.67,2,168,4,1
Customer_0417,50,Male,6,755.71,4534.26,10,453.43,1,122,4,1
Customer_0418,26,Female,39,566.82,22105.98,36,614.05,3,156,4,1
Customer_0419,60,Female,42,561.46,23581.32,100,235.81,0,165,5,0
Customer_0420,65,Female,51,112.27,5725.77,26,220.22,1,105,4,0
Customer_0421,56,Female,51,356.79,18196.29,104,174.96,1,74,4,0
Customer_0422,46,Male,58,296.78,17213.24,102,168.76,2,132,0,0
Customer_0423,59,Male,54,402.91,21757.14,67,324.73,2,99,4,0
Customer_0424,43,Female,12,802.38,9628.56,7,1375.51,0,126,2,1
Customer_0425,52,Male,3,384.49,1153.47,5,230.69,3,138,5,1
Customer_0426,67,Male,45,462.66,20819.7,57,365.26,1,175,5,0
Customer_0427,42,Male,18,409.43,7369.74,43,171.39,0,75,2,0
Customer_0428,41,Female,40,111.54,4461.6,63,70.82,3,14,4,0
Customer_0429,30,Male,21,452.25,9497.25,50,189.94,2,38,0,0
Customer_0430,24,Female,15,211.7,3175.5,14,226.82,0,140,2,1
Customer_0431,53,Male,33,202.99,6698.67,64,104.67,3,45,0,0
Customer_0432,62,Male,35,112.16,3925.6,61,64.35,2,145,6,0
Customer_0433,37,Male,26,369.54,9608.04,51,188.39,1,163,4,1
Customer_0434,18,Female,8,762.33,6098.64,7,871.23,2,75,5,1
Customer_0435,25,Male,36,290.91,10472.76,66,158.68,2,169,6,1
Customer_0436,63,Female,48,326.1,15652.8,72,217.4,3,29,5,0
Customer_0437,33,Female,30,649.82,19494.6,60,324.91,5,18,5,0
Customer_0438,31,Female,23,211.92,4874.16,27,180.52,2,20,2,0
Customer_0439,29,Male,42,899.02,37758.84,96,393.32,0,14,3,0
Customer_0440,68,Male,44,529.79,23310.76,29,803.82,2,162,9,1
Customer_0441,40,Male,14,458.65,6421.1,30,214.04,0,177,0,0
Customer_0442,32,Male,14,566.66,7933.24,31,255.91,2,54,1,0
Customer_0443,45,Female,2,182.71,365.42,4,91.36,3,31,3,0
Customer_0444,51,Female,55,621.2,34166.0,84,406.74,0,58,6,0
Customer_0445,19,Female,37,375.84,13906.08,51,272.67,2,104,1,1
Customer_0446,49,Male,5,899.24,4496.2,12,374.68,1,170,5,0
Customer_0447,40,Female,38,185.48,7048.24,36,195.78,2,128,3,1
Customer_0448,39,Male,45,516.91,23260.95,72,323.07,3,158,5,0
Customer_0449,68,Female,41,606.15,24852.15,75,331.36,4,25,7,0
Customer_0450,42,Male,54,52.72,2846.88,103,27.64,0,19,5,0
Customer_0451,39,Male,60,376.42,22585.2,54,418.24,0,136,6,1
Customer_0452,39,Female,47,737.98,34685.06,85,408.06,1,3,1,0
Customer_0453,66,Female,14,823.97,11535.58,30,384.52,1,86,2,0
Customer_0454,69,Female,56,326.9,18306.4,34,538.42,6,145,1,1
Customer_0455,59,Female,39,802.62,31302.18,91,343.98,3,142,5,1
Customer_0456,23,Male,25,968.4,24210.0,14,1729.29,1,9,2,0
Customer_0457,32,Female,20,859.74,17194.8,24,716.45,3,94,2,0
Customer_0458,60,Female,2,135.29,270.58,1,270.58,2,149,2,1
Customer_0459,54,Female,39,744.94,29052.66,26,1117.41,1,165,2,1
Customer_0460,50,Male,6,333.27,1999.62,14,142.83,2,139,2,1
Customer_0461,25,Male,17,988.65,16807.05,21,800.34,3,20,2,0
Customer_0462,61,Female,59,495.65,29243.35,80,365.54,1,35,6,0
Customer_0463,61,Male,25,139.99,3499.75,23,152.16,6,53,0,0
Customer_0464,22,Female,57,730.68,41648.76,97,429.37,2,175,1,0
Customer_0465,56,Male,28,336.55,9423.4,47,200.5,0,110,4,0
Customer_0466,21,Male,2,997.14,1994.28,2,997.14,2,180,6,1
Customer_0467,23,Male,35,980.19,34306.65,41,836.75,3,136,3,1
Customer_0468,62,Male,37,663.01,24531.37,84,292.04,1,4,3,0
Customer_0469,49,Female,5,147.23,736.15,6,122.69,3,155,3,1
Customer_0470,69,Female,1,693.12,693.12,1,693.12,0,172,4,1
Customer_0471,47,Female,40,111.17,4446.8,43,103.41,1,168,1,0
Customer_0472,64,Male,12,48.78,585.36,25,23.41,2,102,4,1
Customer_0473,52,Female,56,826.5,46284.0,73,634.03,1,47,4,0
Customer_0474,57,Female,36,225.56,8120.16,55,147.64,1,94,4,0
Customer_0475,69,Female,45,391.45,17615.25,45,391.45,3,172,1,0
Customer_0476,33,Male,23,973.99,22401.77,57,393.01,3,48,2,1
Customer_0477,30,Male,47,350.1,16454.7,51,322.64,1,91,1,0
Customer_0478,67,Male,31,310.56,9627.36,63,152.82,0,180,2,1
Customer_0479,59,Female,11,919.84,10118.24,15,674.55,2,84,2,1
Customer_0480,47,Female,10,128.53,1285.3,9,142.81,5,68,3,1
Customer_0481,36,Female,3,764.39,2293.17,6,382.2,0,139,2,1
Customer_0482,34,Male,54,988.3,53368.2,63,847.11,1,125,5,1
Customer_0483,36,Male,14,903.27,12645.78,31,407.93,2,73,5,0
Customer_0484,45,Female,16,658.63,10538.08,37,284.81,1,4,3,0
Customer_0485,43,Male,10,327.78,3277.8,22,148.99,3,76,5,1
Customer_0486,54,Male,29,269.24,7807.96,17,459.29,2,73,3,0
Customer_0487,43,Male,10,822.87,8228.7,21,391.84,2,77,8,0
Customer_0488,40,Male,12,882.23,10586.76,16,661.67,4,48,8,1
Customer_0489,26,Female,30,534.93,16047.9,67,239.52,4,154,4,0
Customer_0490,29,Male,41,259.45,10637.45,73,145.72,0,102,1,0
Customer_0491,18,Male,1,130.68,130.68,2,65.34,3,106,0,1
Customer_0492,18,Male,5,105.44,527.2,7,75.31,3,77,3,1
Customer_0493,64,Male,20,724.7,14494.0,31,467.55,1,39,4,0
Customer_0494,51,Female,8,431.72,3453.76,6,575.63,4,58,3,0
Customer_0495,49,Female,43,907.25,39011.75,89,438.33,3,19,6,0
Customer_0496,65,Male,12,744.88,8938.56,16,558.66,1,88,4,0
Customer_0497,42,Male,1,207.44,207.44,2,103.72,1,113,4,1
Customer_0498,57,Male,57,621.5,35425.5,118,300.22,1,77,3,0
Customer_0499,62,Male,54,446.8,24127.2,92,262.25,1,77,2,0
Customer_0500,18,Male,20,585.7,11714.0,18,650.78,1,28,5,0
Customer_0501,33,Male,28,743.31,20812.68,47,442.82,1,66,4,0
Customer_0502,56,Female,57,810.07,46173.99,75,615.65,1,10,3,0
Customer_0503,22,Male,43,846.86,36414.98,62,587.34,6,126,5,1
Customer_0504,39,Female,37,268.9,9949.3,21,473.78,2,58,2,0
Customer_0505,46,Female,47,50.49,2373.03,43,55.19,0,142,2,0
Customer_0506,20,Male,37,744.51,27546.87,39,706.33,2,125,2,0
Customer_0507,29,Female,12,124.22,1490.64,23,64.81,1,112,3,1
Customer_0508,43,Female,37,328.62,12158.94,19,639.94,2,84,3,0
Customer_0509,33,Female,49,23.74,1163.26,65,17.9,3,143,3,1
Customer_0510,68,Female,49,688.04,33713.96,115,293.16,2,96,0,0
Customer_0511,54,Female,56,183.79,10292.24,41,251.03,1,33,4,0
Customer_0512,39,Female,44,662.18,29135.92,67,434.86,4,145,4,1
Customer_0513,46,Male,56,991.91,55546.96,116,478.85,2,152,2,0
Customer_0514,31,Female,28,91.22,2554.16,67,38.12,5,158,4,1
Customer_0515,45,Female,47,95.54,4490.38,94,47.77,0,141,2,0
Customer_0516,22,Female,15,353.57,5303.55,29,182.88,1,47,1,0
Customer_0517,64,Male,6,869.06,5214.36,13,401.1,0,112,1,1
Customer_0518,66,Female,44,231.22,10173.68,61,166.78,2,144,1,0
Customer_0519,47,Male,59,373.17,22017.03,125,176.14,1,43,1,0
Customer_0520,63,Female,20,87.14,1742.8,10,174.28,2,8,2,0
Customer_0521,69,Male,50,767.89,38394.5,117,328.16,2,3,1,0
Customer_0522,22,Male,14,420.14,5881.96,19,309.58,2,125,5,0
Customer_0523,29,Female,2,764.06,1528.12,3,509.37,3,12,2,0
Customer_0524,33,Female,9,905.54,8149.86,9,905.54,1,84,1,0
Customer_0525,43,Male,37,248.11,9180.07,73,125.75,1,16,3,0
Customer_0526,43,Female,20,811.25,16225.0,13,1248.08,3,78,5,1
Customer_0527,65,Male,26,77.91,2025.66,58,34.93,2,59,3,0
Customer_0528,38,Male,29,900.87,26125.23,63,414.69,5,177,3,1
Customer_0529,56,Male,1,657.75,657.75,1,657.75,2,63,1,1
Customer_0530,53,Male,55,876.74,48220.7,117,412.14,0,49,2,0
Customer_0531,50,Male,35,20.18,706.3,73,9.68,1,51,3,0
Customer_0532,47,Female,6,185.7,1114.2,11,101.29,2,33,2,0
Customer_0533,54,Male,37,401.96,14872.52,46,323.32,2,30,4,0
Customer_0534,40,Male,53,391.91,20771.23,55,377.66,4,76,4,0
Customer_0535,27,Female,59,242.2,14289.8,57,250.7,2,15,4,0
Customer_0536,22,Male,5,393.98,1969.9,6,328.32,2,82,2,0
Customer_0537,53,Female,33,146.27,4826.91,76,63.51,1,92,3,0
Customer_0538,51,Female,49,424.51,20800.99,32,650.03,3,23,1,0
Customer_0539,69,Female,51,806.31,41121.81,110,373.83,3,94,3,0
Customer_0540,48,Male,14,489.49,6852.86,17,403.11,4,45,2,0
Customer_0541,27,Male,12,37.64,451.68,19,23.77,5,62,0,0
Customer_0542,36,Male,42,433.02,18186.84,88,206.67,0,15,3,0
Customer_0543,49,Female,20,46.63,932.6,45,20.72,0,46,4,0
Customer_0544,18,Male,53,966.92,51246.76,63,813.44,3,64,1,0
Customer_0545,22,Female,50,144.9,7245.0,71,102.04,0,174,2,1
Customer_0546,62,Male,24,713.53,17124.72,32,535.15,2,172,5,1
Customer_0547,21,Female,59,973.32,57425.88,31,1852.45,4,75,0,0
Customer_0548,33,Male,43,829.52,35669.36,47,758.92,3,157,1,1
Customer_0549,41,Male,34,705.33,23981.22,48,499.61,0,52,2,0
Customer_0550,33,Male,25,842.67,21066.75,33,638.39,0,88,2,0
Customer_0551,19,Female,50,982.16,49108.0,97,506.27,2,57,2,0
Customer_0552,66,Female,29,628.92,18238.68,37,492.94,2,83,4,0
Customer_0553,45,Male,57,568.0,32376.0,84,385.43,1,66,3,0
Customer_0554,49,Male,39,635.67,24791.13,53,467.76,2,150,3,1
Customer_0555,44,Female,31,542.02,16802.62,61,275.45,0,20,2,0
Customer_0556,37,Female,56,642.39,35973.84,125,287.79,3,33,3,0
Customer_0557,41,Female,47,460.85,21659.95,73,296.71,0,72,1,0
Customer_0558,29,Male,43,234.07,10065.01,89,113.09,0,25,2,0
Customer_0559,67,Female,50,137.84,6892.0,55,125.31,1,46,0,0
Customer_0560,52,Male,23,86.97,2000.31,36,55.56,2,73,4,1
Customer_0561,50,Female,44,278.05,12234.2,52,235.27,1,98,4,0
Customer_0562,50,Male,38,65.2,2477.6,50,49.55,4,57,6,1
Customer_0563,68,Female,20,575.83,11516.6,39,295.3,5,87,3,1
Customer_0564,60,Female,23,298.15,6857.45,52,131.87,1,133,4,0
Customer_0565,54,Female,45,828.04,37261.8,33,1129.15,2,55,1,0
Customer_0566,29,Female,52,92.76,4823.52,92,52.43,3,61,3,0
Customer_0567,20,Female,16,241.82,3869.12,27,143.3,3,89,1,0
Customer_0568,18,Male,50,735.64,36782.0,37,994.11,2,8,3,0
Customer_0569,50,Female,42,606.83,25486.86,39,653.51,0,16,2,0
Customer_0570,57,Female,60,83.2,4992.0,67,74.51,0,176,5,0
Customer_0571,27,Female,55,879.69,48382.95,46,1051.8,0,116,4,0
Customer_0572,60,Male,8,879.72,7037.76,8,879.72,3,61,1,0
Customer_0573,61,Female,50,343.8,17190.0,52,330.58,1,15,4,0
Customer_0574,46,Male,21,353.6,7425.6,25,297.02,5,150,2,1
Customer_0575,30,Female,1,989.25,989.25,2,494.62,2,131,1,1
Customer_0576,29,Female,55,633.65,34850.75,90,387.23,3,102,6,0
Customer_0577,48,Male,8,540.69,4325.52,20,216.28,4,54,1,0
Customer_0578,63,Female,29,841.39,24400.31,39,625.65,0,14,4,0
Customer_0579,19,Male,32,299.58,9586.56,64,149.79,0,36,4,0
Customer_0580,68,Male,38,440.6,16742.8,85,196.97,0,105,6,0
Customer_0581,67,Female,5,282.42,1412.1,9,156.9,1,82,6,0
Customer_0582,52,Male,47,793.38,37288.86,62,601.43,1,67,1,0
Customer_0583,40,Female,22,581.88,12801.36,44,290.94,1,10,4,0
Customer_0584,34,Female,47,665.65,31285.55,43,727.57,1,49,6,0
Customer_0585,43,Male,34,267.26,9086.84,39,233.0,2,111,6,0
Customer_0586,25,Male,1,235.82,235.82,2,117.91,1,65,2,0
Customer_0587,46,Male,55,498.61,27423.55,91,301.36,1,57,4,0
Customer_0588,43,Male,55,742.81,40854.55,30,1361.82,3,27,4,0
Customer_0589,27,Female,26,534.73,13902.98,62,224.24,1,113,3,0
Customer_0590,43,Female,43,51.99,2235.57,81,27.6,2,133,2,0
Customer_0591,51,Male,10,871.18,8711.8,15,580.79,1,71,0,0
Customer_0592,68,Female,30,83.39,2501.7,71,35.24,2,83,3,0
Customer_0593,58,Female,50,956.71,47835.5,69,693.27,3,57,0,1
Customer_0594,24,Female,18,44.64,803.52,44,18.26,3,120,1,0
Customer_0595,21,Female,17,700.56,11909.52,26,458.06,0,93,3,0
Customer_0596,67,Male,26,100.56,2614.56,19,137.61,2,15,3,0
Customer_0597,62,Male,8,912.46,7299.68,16,456.23,0,111,1,0
Customer_0598,28,Female,47,475.14,22331.58,87,256.68,3,101,8,0
Customer_0599,46,Male,40,154.77,6190.8,82,75.5,3,119,3,0
Customer_0600,53,Male,49,354.0,17346.0,118,147.0,1,76,1,0
Customer_0601,42,Male,12,181.53,2178.36,25,87.13,0,158,2,0
Customer_0602,38,Female,27,187.17,5053.59,47,107.52,1,20,3,0
Customer_0603,53,Female,8,949.15,7593.2,18,421.84,1,165,1,1
Customer_0604,27,Female,25,456.34,11408.5,46,248.01,1,131,3,0
Customer_0605,54,Male,46,793.03,36479.38,61,598.02,2,73,3,0
Customer_0606,26,Female,4,646.81,2587.24,9,287.47,4,122,5,1
Customer_0607,41,Female,33,682.9,22535.7,31,726.96,2,41,5,0
Customer_0608,52,Male,1,149.06,149.06,2,74.53,3,167,6,1
Customer_0609,66,Female,19,249.5,4740.5,43,110.24,2,154,4,1
Customer_0610,52,Female,31,791.02,24521.62,61,401.99,3,130,1,1
Customer_0611,65,Male,16,971.35,15541.6,30,518.05,3,23,1,0
Customer_0612,53,Male,14,277.42,3883.88,28,138.71,0,23,5,0
Customer_0613,35,Male,53,286.14,15165.42,76,199.54,1,144,4,1
Customer_0614,66,Female,48,483.44,23205.12,108,214.86,2,9,3,0
Customer_0615,56,Female,5,984.16,4920.8,5,984.16,3,13,1,0
Customer_0616,49,Female,41,283.58,11626.78,31,375.06,0,156,1,0
Customer_0617,41,Male,26,418.83,10889.58,28,388.91,1,155,1,1
Customer_0618,40,Male,28,893.65,25022.2,44,568.69,4,51,1,1
Customer_0619,49,Female,2,22.86,45.72,3,15.24,2,64,2,1
Customer_0620,54,Female,50,58.97,2948.5,107,27.56,1,52,0,0
Customer_0621,29,Male,6,611.99,3671.94,8,458.99,1,38,0,0
Customer_0622,66,Male,9,909.23,8183.07,13,629.47,1,100,2,0
Customer_0623,30,Male,33,254.08,8384.64,17,493.21,3,146,0,1
Customer_0624,40,Male,41,480.25,19690.25,54,364.63,1,51,5,0
Customer_0625,42,Female,25,461.46,11536.5,45,256.37,2,137,4,1
Customer_0626,52,Male,48,483.51,23208.48,25,928.34,5,141,2,1
Customer_0627,58,Female,13,630.07,8190.91,14,585.06,0,168,1,1
Customer_0628,47,Female,9,480.35,4323.15,8,540.39,3,55,2,0
Customer_0629,34,Female,53,458.52,24301.56,31,783.92,2,109,1,0
Customer_0630,66,Male,13,484.8,6302.4,19,331.71,1,171,2,1
Customer_0631,37,Male,31,599.05,18570.55,27,687.8,1,44,5,0
Customer_0632,65,Male,41,546.27,22397.07,81,276.51,3,110,6,1
Customer_0633,42,Male,11,857.05,9427.55,24,392.81,1,161,4,1
Customer_0634,39,Female,4,68.51,274.04,6,45.67,1,152,2,1
Customer_0635,30,Male,34,836.65,28446.1,84,338.64,1,164,3,1
Customer_0636,36,Male,38,847.05,32187.9,53,607.32,2,128,4,1
Customer_0637,66,Female,46,299.21,13763.66,70,196.62,1,105,1,0
Customer_0638,53,Male,4,473.59,1894.36,10,189.44,2,10,0,0
Customer_0639,29,Female,38,449.77,17091.26,37,461.93,3,100,7,1
Customer_0640,58,Female,19,234.14,4448.66,45,98.86,2,148,2,1
Customer_0641,36,Female,6,408.86,2453.16,4,613.29,3,109,6,1
Customer_0642,29,Female,34,63.5,2159.0,47,45.94,2,108,2,0
Customer_0643,26,Female,18,292.27,5260.86,12,438.4,1,140,3,0
Customer_0644,24,Female,13,820.35,10664.55,25,426.58,2,146,6,1
Customer_0645,45,Female,41,298.87,12253.67,70,175.05,3,94,4,0
Customer_0646,31,Female,23,821.84,18902.32,44,429.6,2,63,2,1
Customer_0647,48,Male,19,540.97,10278.43,24,428.27,0,84,7,1
Customer_0648,69,Male,45,882.27,39702.15,56,708.97,3,25,5,0
Customer_0649,36,Male,11,583.28,6416.08,6,1069.35,1,12,5,0
Customer_0650,64,Male,1,49.07,49.07,1,49.07,1,149,0,1
Customer_0651,33,Female,24,681.91,16365.84,57,287.12,4,25,2,0
Customer_0652,22,Male,54,63.96,3453.84,68,50.79,3,11,1,0
Customer_0653,52,Female,7,461.59,3231.13,15,215.41,3,64,5,1
Customer_0654,29,Male,25,930.84,23271.0,55,423.11,2,126,3,1
Customer_0655,42,Male,21,181.9,3819.9,26,146.92,1,50,8,0
Customer_0656,69,Male,15,402.07,6031.05,26,231.96,1,89,2,0
Customer_0657,38,Female,1,735.26,735.26,1,735.26,0,99,3,0
Customer_0658,53,Male,12,884.61,10615.32,8,1326.92,4,116,2,1
Customer_0659,40,Female,58,677.52,39296.16,35,1122.75,3,96,3,0
Customer_0660,33,Female,7,273.01,1911.07,12,159.26,0,177,5,1
Customer_0661,56,Male,15,681.12,10216.8,20,510.84,0,14,8,0
Customer_0662,62,Male,21,310.79,6526.59,34,191.96,6,1,3,1
Customer_0663,59,Male,19,724.06,13757.14,29,474.38,2,25,3,0
Customer_0664,56,Female,60,954.95,57297.0,72,795.79,6,72,5,0
Customer_0665,31,Male,29,726.97,21082.13,54,390.41,0,69,2,0
Customer_0666,48,Female,25,865.62,21640.5,50,432.81,2,133,4,1
Customer_0667,22,Female,33,22.06,727.98,17,42.82,0,105,3,0
Customer_0668,52,Male,49,723.22,35437.78,45,787.51,1,147,5,0
Customer_0669,40,Male,32,833.0,26656.0,62,429.94,6,23,4,0
Customer_0670,46,Female,49,59.75,2927.75,62,47.22,1,9,4,0
Customer_0671,60,Female,35,874.17,30595.95,64,478.06,2,118,2,1
Customer_0672,28,Female,44,271.56,11948.64,53,225.45,1,94,4,0
Customer_0673,35,Male,38,671.99,25535.62,49,521.14,1,178,5,1
Customer_0674,64,Female,26,804.35,20913.1,21,995.86,4,144,3,1
Customer_0675,29,Male,11,669.41,7363.51,11,669.41,5,33,0,1
Customer_0676,26,Female,35,110.44,3865.4,60,64.42,3,130,3,1
Customer_0677,27,Female,8,604.4,4835.2,11,439.56,1,14,6,0
Customer_0678,61,Male,46,558.59,25695.14,94,273.35,2,1,5,0
Customer_0679,34,Female,14,902.31,12632.34,31,407.49,3,90,3,0
Customer_0680,55,Male,10,416.15,4161.5,16,260.09,3,89,1,1
Customer_0681,24,Male,2,334.66,669.32,4,167.33,3,144,6,1
Customer_0682,63,Female,46,754.85,34723.1,51,680.85,3,90,3,0
Customer_0683,30,Male,9,424.42,3819.78,12,318.32,2,175,2,1
Customer_0684,57,Male,3,653.17,1959.51,6,326.58,3,172,3,1
Customer_0685,59,Female,21,653.52,13723.92,27,508.29,5,14,6,1
Customer_0686,26,Male,26,890.28,23147.28,44,526.07,0,152,1,1
Customer_0687,67,Male,8,606.72,4853.76,7,693.39,1,111,3,0
Customer_0688,44,Male,48,512.11,24581.28,82,299.77,3,143,1,1
Customer_0689,19,Female,2,156.09,312.18,4,78.04,1,83,4,0
Customer_0690,22,Male,6,133.42,800.52,13,61.58,0,72,1,0
Customer_0691,46,Female,28,171.24,4794.72,55,87.18,1,162,2,1
Customer_0692,54,Female,53,188.41,9985.73,106,94.2,3,130,5,0
Customer_0693,55,Male,29,645.12,18708.48,47,398.05,3,27,2,1
Customer_0694,36,Male,26,746.16,19400.16,43,451.17,3,74,3,1
Customer_0695,25,Male,25,539.39,13484.75,19,709.72,2,99,4,0
Customer_0696,65,Female,12,832.44,9989.28,17,587.6,2,72,3,0
Customer_0697,62,Male,5,991.44,4957.2,7,708.17,2,23,6,0
Customer_0698,18,Male,34,823.61,28002.74,82,341.5,3,68,3,0
Customer_0699,39,Male,48,700.98,33647.04,65,517.65,2,142,3,1
Customer_0700,69,Male,37,541.84,20048.08,59,339.8,1,117,3,0
Customer_0701,34,Male,15,459.88,6898.2,23,299.92,2,106,2,1
Customer_0702,24,Female,44,102.7,4518.8,78,57.93,3,93,3,0
Customer_0703,42,Female,36,411.38,14809.68,72,205.69,1,65,4,0
Customer_0704,62,Male,15,911.93,13678.95,14,977.07,3,68,3,0
Customer_0705,21,Male,43,811.86,34909.98,67,521.04,1,128,3,0
Customer_0706,53,Male,48,231.73,11123.04,103,107.99,1,63,3,0
Customer_0707,23,Male,23,477.28,10977.44,33,332.65,0,113,2,0
Customer_0708,48,Female,6,820.39,4922.34,6,820.39,1,90,5,1
Customer_0709,36,Male,46,86.04,3957.84,83,47.68,1,81,4,0
Customer_0710,61,Female,50,399.64,19982.0,107,186.75,0,103,0,0
Customer_0711,56,Female,44,854.8,37611.2,28,1343.26,0,160,2,0
Customer_0712,44,Male,59,415.82,24533.38,121,202.76,1,116,5,0
Customer_0713,27,Female,43,96.06,4130.58,92,44.9,1,13,3,0
Customer_0714,43,Female,45,551.68,24825.6,64,387.9,2,124,1,1
Customer_0715,36,Female,21,864.51,18154.71,52,349.13,0,147,1,0
Customer_0716,56,Female,23,598.48,13765.04,48,286.77,2,152,2,0
Customer_0717,20,Male,43,241.75,10395.25,88,118.13,0,88,2,0
Customer_0718,62,Male,55,396.55,21810.25,110,198.28,2,11,5,0
Customer_0719,30,Female,16,461.12,7377.92,13,567.53,4,15,3,1
Customer_0720,67,Male,47,587.68,27620.96,44,627.75,0,10,7,0
Customer_0721,45,Male,53,764.16,40500.48,76,532.9,1,41,5,0
Customer_0722,37,Male,60,116.9,7014.0,62,113.13,3,155,3,1
Customer_0723,45,Male,15,891.86,13377.9,20,668.9,3,73,6,1
Customer_0724,25,Male,25,32.06,801.5,57,14.06,0,52,4,0
Customer_0725,58,Female,36,382.65,13775.4,77,178.9,1,128,2,1
Customer_0726,56,Male,11,46.87,515.57,19,27.14,3,28,1,1
Customer_0727,18,Male,51,405.11,20660.61,113,182.84,1,65,3,0
Customer_0728,20,Male,15,535.3,8029.5,31,259.02,4,17,2,0
Customer_0729,30,Male,4,521.45,2085.8,5,417.16,0,95,4,0
Customer_0730,45,Female,21,182.32,3828.72,19,201.51,2,172,6,1
Customer_0731,66,Female,13,652.83,8486.79,20,424.34,0,138,2,1
Customer_0732,42,Female,22,63.88,1405.36,43,32.68,1,63,3,0
Customer_0733,50,Female,19,766.67,14566.73,26,560.26,2,175,2,1
Customer_0734,55,Male,34,947.71,32222.14,62,519.71,0,38,6,0
Customer_0735,23,Female,14,352.97,4941.58,10,494.16,4,70,1,1
Customer_0736,61,Male,4,526.89,2107.56,8,263.44,2,104,8,1
Customer_0737,62,Male,48,391.33,18783.84,102,184.16,2,53,3,0
Customer_0738,49,Male,53,26.58,1408.74,101,13.95,0,172,6,1
Customer_0739,62,Male,52,398.16,20704.32,127,163.03,2,119,1,0
Customer_0740,64,Male,46,795.89,36610.94,99,369.81,2,74,4,0
Customer_0741,38,Female,27,604.07,16309.89,62,263.06,0,54,1,0
Customer_0742,33,Female,29,119.23,3457.67,69,50.11,0,20,0,0
Customer_0743,38,Female,47,850.2,39959.4,99,403.63,1,79,0,0
Customer_0744,28,Female,28,540.46,15132.88,52,291.02,3,31,4,0
Customer_0745,54,Male,35,844.89,29571.15,18,1642.84,1,135,4,0
Customer_0746,53,Female,8,588.62,4708.96,11,428.09,4,58,4,1
Customer_0747,52,Male,16,568.49,9095.84,26,349.84,0,105,2,0
Customer_0748,36,Female,42,123.15,5172.3,47,110.05,2,10,3,0
Customer_0749,37,Male,36,184.01,6624.36,41,161.57,3,10,3,0
Customer_0750,35,Male,30,972.58,29177.4,73,399.69,3,39,4,0
Customer_0751,64,Female,18,243.92,4390.56,41,107.09,2,156,7,1
Customer_0752,58,Male,2,977.9,1955.8,4,488.95,0,158,0,1
Customer_0753,66,Male,49,541.27,26522.23,64,414.41,2,37,3,0
Customer_0754,31,Female,13,153.07,1989.91,7,284.27,1,119,4,0
Customer_0755,32,Male,4,117.32,469.28,3,156.43,3,67,4,0
Customer_0756,48,Female,26,224.69,5841.94,29,201.45,3,43,3,0
Customer_0757,18,Female,25,927.12,23178.0,13,1782.92,4,52,3,1
Customer_0758,20,Female,30,425.87,12776.1,16,798.51,2,101,3,1
Customer_0759,33,Male,11,407.53,4482.83,26,172.42,1,56,2,0
Customer_0760,40,Male,7,326.94,2288.58,13,176.04,2,76,2,1
Customer_0761,28,Male,31,164.12,5087.72,35,145.36,1,68,4,0
Customer_0762,29,Female,44,498.09,21915.96,34,644.59,1,137,2,0
Customer_0763,27,Male,10,147.45,1474.5,15,98.3,3,106,4,1
Customer_0764,49,Female,39,838.77,32712.03,20,1635.6,1,125,4,0
Customer_0765,33,Female,13,382.99,4978.87,31,160.61,1,92,4,0
Customer_0766,25,Male,31,387.31,12006.61,41,292.84,4,23,4,0
Customer_0767,55,Female,7,484.53,3391.71,9,376.86,3,109,4,1
Customer_0768,29,Male,56,455.25,25494.0,72,354.08,3,61,2,0
Customer_0769,41,Male,49,994.96,48753.04,31,1572.68,1,168,2,1
Customer_0770,45,Male,42,554.47,23287.74,75,310.5,4,44,4,0
Customer_0771,25,Male,42,106.44,4470.48,83,53.86,2,152,4,0
Customer_0772,45,Male,56,614.74,34425.44,104,331.01,2,179,7,0
Customer_0773,53,Female,36,168.55,6067.8,28,216.71,1,161,3,1
Customer_0774,43,Female,20,50.32,1006.4,33,30.5,4,16,2,0
Customer_0775,25,Female,4,971.33,3885.32,7,555.05,1,22,2,0
Customer_0776,67,Male,54,778.07,42015.78,121,347.24,4,57,1,0
Customer_0777,45,Male,7,980.51,6863.57,9,762.62,3,62,0,0
Customer_0778,45,Male,54,488.32,26369.28,67,393.57,2,107,3,0
Customer_0779,54,Female,1,541.61,541.61,2,270.8,1,71,2,0
Customer_0780,58,Male,44,184.97,8138.68,78,104.34,1,90,2,0
Customer_0781,53,Female,56,261.97,14670.32,81,181.12,1,72,1,0
Customer_0782,44,Female,45,841.78,37880.1,62,610.97,5,70,0,1
Customer_0783,34,Male,42,369.06,15500.52,63,246.04,2,30,4,0
Customer_0784,26,Male,47,830.28,39023.16,104,375.22,0,103,1,0
Customer_0785,50,Female,59,714.83,42174.97,84,502.08,2,151,4,0
Customer_0786,37,Male,13,193.63,2517.19,31,81.2,6,32,6,1
Customer_0787,30,Female,55,517.3,28451.5,83,342.79,0,86,1,0
Customer_0788,45,Male,22,683.84,15044.48,53,283.86,3,57,3,0
Customer_0789,65,Male,54,250.34,13518.36,117,115.54,0,109,2,0
Customer_0790,46,Female,21,834.07,17515.47,26,673.67,1,9,5,0
Customer_0791,30,Male,22,553.93,12186.46,49,248.7,1,31,3,0
Customer_0792,63,Female,28,181.94,5094.32,20,254.72,0,71,1,0
Customer_0793,52,Male,9,591.32,5321.88,21,253.42,3,137,1,1
Customer_0794,23,Female,26,999.72,25992.72,46,565.06,2,13,3,0
Customer_0795,35,Female,9,167.51,1507.59,5,301.52,2,131,2,1
Customer_0796,68,Male,15,820.42,12306.3,27,455.79,1,35,4,0
Customer_0797,22,Female,10,223.16,2231.6,24,92.98,2,21,5,0
Customer_0798,64,Male,24,786.74,18881.76,15,1258.78,3,64,3,1
Customer_0799,42,Male,58,739.89,42913.62,93,461.44,2,95,2,0
Customer_0800,19,Male,57,314.48,17925.36,114,157.24,0,180,4,0
Customer_0801,27,Female,42,339.31,14251.02,89,160.12,4,34,1,0
Customer_0802,47,Female,8,796.67,6373.36,11,579.4,2,121,4,0
Customer_0803,67,Male,24,472.22,11333.28,22,515.15,2,163,2,1
Customer_0804,62,Male,16,736.2,11779.2,9,1308.8,3,15,3,0
Customer_0805,22,Female,49,165.02,8085.98,81,99.83,1,120,3,0
Customer_0806,50,Male,26,855.51,22243.26,37,601.17,3,96,1,1
Customer_0807,18,Male,27,716.67,19350.09,65,297.69,0,6,2,0
Customer_0808,35,Female,37,908.8,33625.6,23,1461.98,0,109,2,0
Customer_0809,49,Male,4,149.72,598.88,7,85.55,2,97,4,1
Customer_0810,64,Female,50,601.15,30057.5,27,1113.24,5,32,3,0
Customer_0811,66,Male,24,607.14,14571.36,20,728.57,1,180,2,1
Customer_0812,28,Female,19,366.39,6961.41,27,257.83,3,83,2,0
Customer_0813,38,Male,36,469.3,16894.8,51,331.27,1,156,3,1
Customer_0814,43,Male,60,57.22,3433.2,112,30.65,0,118,2,0
Customer_0815,42,Female,39,750.94,29286.66,90,325.41,4,79,3,0
Customer_0816,39,Male,10,558.34,5583.4,18,310.19,1,78,4,1
Customer_0817,44,Female,25,76.59,1914.75,60,31.91,3,147,2,0
Customer_0818,66,Male,18,687.14,12368.52,41,301.67,0,107,2,0
Customer_0819,30,Female,19,477.45,9071.55,32,283.49,1,126,1,1
Customer_0820,50,Female,36,53.77,1935.72,78,24.82,0,15,3,0
Customer_0821,51,Female,10,970.22,9702.2,18,539.01,3,134,3,1
Customer_0822,58,Female,33,950.13,31354.29,22,1425.2,1,73,3,0
Customer_0823,52,Male,55,522.64,28745.2,109,263.72,1,101,4,0
Customer_0824,18,Male,50,111.8,5590.0,34,164.41,3,98,3,1
Customer_0825,38,Female,5,759.53,3797.65,8,474.71,2,166,2,1
Customer_0826,65,Female,47,502.09,23598.23,90,262.2,6,26,3,0
Customer_0827,23,Female,49,316.4,15503.6,31,500.12,4,92,4,0
Customer_0828,45,Male,35,501.59,17555.65,34,516.34,1,125,6,0
Customer_0829,34,Male,44,532.0,23408.0,103,227.26,1,179,3,1
Customer_0830,22,Male,34,571.46,19429.64,59,329.32,3,73,3,0
Customer_0831,48,Male,33,452.4,14929.2,33,452.4,2,123,3,1
Customer_0832,22,Female,55,613.64,33750.2,103,327.67,1,53,3,0
Customer_0833,55,Female,21,920.36,19327.56,36,536.88,2,78,5,0
Customer_0834,20,Female,17,375.02,6375.34,26,245.21,0,92,4,0
Customer_0835,40,Male,22,731.2,16086.4,54,297.9,2,88,1,0
Customer_0836,54,Male,48,896.56,43034.88,90,478.17,4,13,3,0
Customer_0837,54,Male,37,466.86,17273.82,46,375.52,3,43,4,0
Customer_0838,27,Female,15,454.59,6818.85,32,213.09,2,76,2,0
Customer_0839,27,Female,35,610.07,21352.45,79,270.28,1,51,2,0
Customer_0840,36,Male,28,599.58,16788.24,21,799.44,1,19,1,0
Customer_0841,34,Female,7,810.46,5673.22,6,945.54,0,149,4,0
Customer_0842,38,Male,32,486.95,15582.4,30,519.41,0,122,1,1
Customer_0843,31,Male,11,996.2,10958.2,21,521.82,3,24,3,0
Customer_0844,26,Female,10,78.28,782.8,17,46.05,0,26,2,0
Customer_0845,63,Male,9,23.1,207.9,16,12.99,3,173,0,1
Customer_0846,18,Female,14,647.39,9063.46,33,274.65,2,156,1,1
Customer_0847,68,Male,13,312.47,4062.11,27,150.45,0,120,1,0
Customer_0848,62,Female,57,255.57,14567.49,43,338.78,4,82,3,0
Customer_0849,30,Female,25,325.66,8141.5,30,271.38,0,100,3,0
Customer_0850,21,Female,2,270.93,541.86,3,180.62,2,157,4,1
Customer_0851,18,Male,35,50.17,1755.95,45,39.02,2,17,3,0
Customer_0852,66,Male,7,972.1,6804.7,13,523.44,3,68,3,1
Customer_0853,57,Female,21,236.33,4962.93,48,103.39,5,44,4,0
Customer_0854,49,Female,18,739.35,13308.3,20,665.42,1,61,4,1
Customer_0855,51,Male,3,767.34,2302.02,5,460.4,0,123,3,0
Customer_0856,45,Male,42,930.67,39088.14,87,449.29,2,93,1,0
Customer_0857,48,Male,54,49.94,2696.76,72,37.46,1,74,2,0
Customer_0858,25,Female,39,874.61,34109.79,33,1033.63,3,153,0,1
Customer_0859,56,Male,41,536.68,22003.88,59,372.95,5,67,3,1
Customer_0860,43,Male,49,639.89,31354.61,30,1045.15,2,111,3,0
Customer_0861,51,Female,11,651.58,7167.38,26,275.67,1,2,1,0
Customer_0862,20,Male,39,823.4,32112.6,25,1284.5,2,89,2,0
Customer_0863,67,Male,24,346.74,8321.76,33,252.17,1,177,4,1
Customer_0864,29,Male,60,738.39,44303.4,94,471.31,1,26,2,0
Customer_0865,18,Female,46,538.01,24748.46,114,217.09,1,99,5,0
Customer_0866,61,Female,19,797.53,15153.07,16,947.07,3,27,4,1
Customer_0867,22,Female,4,990.74,3962.96,3,1320.99,2,89,3,1
Customer_0868,47,Female,26,216.64,5632.64,13,433.28,1,146,3,1
Customer_0869,47,Female,38,994.76,37800.88,31,1219.38,0,1,4,0
Customer_0870,34,Female,42,108.02,4536.84,38,119.39,1,103,3,0
Customer_0871,65,Female,32,22.27,712.64,56,12.73,1,131,2,1
Customer_0872,64,Male,39,63.28,2467.92,37,66.7,0,41,6,0
Customer_0873,40,Male,45,354.95,15972.75,24,665.53,2,165,1,1
Customer_0874,32,Female,46,640.25,29451.5,99,297.49,1,51,3,0
Customer_0875,54,Male,36,87.65,3155.4,44,71.71,1,15,2,0
Customer_0876,38,Male,40,25.55,1022.0,48,21.29,2,8,4,0
Customer_0877,31,Female,37,938.35,34718.95,41,846.8,2,38,2,0
Customer_0878,19,Male,33,825.49,27241.17,81,336.31,3,114,3,0
Customer_0879,28,Male,36,813.0,29268.0,30,975.6,4,83,2,1
Customer_0880,68,Male,3,886.74,2660.22,7,380.03,1,56,2,0
Customer_0881,56,Male,9,706.03,6354.27,18,353.02,2,175,3,1
Customer_0882,55,Male,8,122.32,978.56,5,195.71,0,103,3,0
Customer_0883,51,Female,33,411.12,13566.96,82,165.45,2,138,4,0
Customer_0884,55,Female,59,728.69,42992.71,62,693.43,2,102,4,0
Customer_0885,67,Female,6,294.73,1768.38,4,442.1,2,78,2,1
Customer_0886,51,Male,41,693.66,28440.06,89,319.55,2,177,2,0
Customer_0887,35,Female,39,44.01,1716.39,75,22.89,0,169,4,0
Customer_0888,47,Male,4,320.01,1280.04,7,182.86,3,83,2,0
Customer_0889,32,Male,13,558.15,7255.95,11,659.63,2,30,2,0
Customer_0890,44,Male,49,639.45,31333.05,71,441.31,2,5,8,0
Customer_0891,68,Male,60,585.5,35130.0,124,283.31,3,119,3,0
Customer_0892,51,Female,2,703.8,1407.6,2,703.8,1,31,3,0
Customer_0893,69,Female,60,25.97,1558.2,67,23.26,0,180,4,1
Customer_0894,55,Male,5,118.92,594.6,3,198.2,3,23,1,0
Customer_0895,50,Female,44,871.57,38349.08,37,1036.46,0,48,4,0
Customer_0896,41,Male,27,688.11,18578.97,61,304.57,1,109,4,0
Customer_0897,32,Female,32,130.67,4181.44,44,95.03,5,40,4,1
Customer_0898,47,Female,21,845.23,17749.83,52,341.34,1,6,3,0
Customer_0899,59,Male,8,257.39,2059.12,10,205.91,1,38,3,0
Customer_0900,68,Female,38,488.69,18570.22,73,254.39,5,169,2,1
Customer_0901,34,Male,8,162.29,1298.32,9,144.26,5,100,2,0
Customer_0902,22,Female,50,715.91,35795.5,61,586.81,4,27,2,0
Customer_0903,46,Male,3,673.52,2020.56,3,673.52,2,69,2,1
Customer_0904,21,Male,54,226.89,12252.06,64,191.44,0,57,3,0
Customer_0905,27,Female,44,866.13,38109.72,70,544.42,1,17,0,0
Customer_0906,34,Female,58,413.28,23970.24,144,166.46,5,71,4,0
Customer_0907,27,Male,3,306.66,919.98,5,184.0,3,47,3,1
Customer_0908,34,Female,22,169.28,3724.16,20,186.21,0,79,6,0
Customer_0909,37,Female,6,280.84,1685.04,4,421.26,1,110,4,1
Customer_0910,41,Male,2,41.59,83.18,2,41.59,1,13,1,0
Customer_0911,22,Male,23,591.59,13606.57,37,367.75,2,139,4,0
Customer_0912,51,Female,44,845.39,37197.16,89,417.95,4,124,6,0
Customer_0913,23,Male,2,558.0,1116.0,5,223.2,2,109,3,0
Customer_0914,19,Male,38,234.89,8925.82,20,446.29,1,90,2,1
Customer_0915,30,Male,17,53.0,901.0,26,34.65,1,86,1,1
Customer_0916,60,Female,35,230.34,8061.9,50,161.24,3,92,4,1
Customer_0917,60,Female,34,427.8,14545.2,62,234.6,2,24,4,0
Customer_0918,65,Male,23,764.42,17581.66,37,475.18,3,73,3,0
Customer_0919,28,Female,30,204.09,6122.7,56,109.33,2,4,2,0
Customer_0920,68,Male,52,725.4,37720.8,94,401.29,1,113,4,0
Customer_0921,64,Female,8,869.59,6956.72,6,1159.45,0,46,6,0
Customer_0922,40,Male,22,464.87,10227.14,46,222.33,4,18,3,0
Customer_0923,33,Male,44,825.0,36300.0,33,1100.0,5,43,2,0
Customer_0924,48,Female,58,563.56,32686.48,110,297.15,3,161,5,0
Customer_0925,28,Male,36,644.35,23196.6,48,483.26,0,93,1,0
Customer_0926,33,Female,5,535.75,2678.75,8,334.84,1,103,1,1
Customer_0927,25,Female,13,473.91,6160.83,30,205.36,4,124,1,1
Customer_0928,21,Male,29,249.96,7248.84,66,109.83,3,10,1,0
Customer_0929,57,Male,31,317.13,9831.03,66,148.96,2,73,2,0
Customer_0930,21,Female,47,304.17,14295.99,71,201.35,2,31,3,0
Customer_0931,42,Male,57,572.02,32605.14,112,291.12,2,156,1,0
Customer_0932,20,Male,55,137.55,7565.25,84,90.06,4,60,1,0
Customer_0933,49,Male,16,918.46,14695.36,36,408.2,1,131,2,1
Customer_0934,20,Male,42,726.24,30502.08,55,554.58,0,118,3,0
Customer_0935,44,Male,30,413.42,12402.6,73,169.9,1,14,5,0
Customer_0936,46,Female,57,175.45,10000.65,135,74.08,5,143,4,0
Customer_0937,49,Female,55,884.35,48639.25,109,446.23,4,2,3,0
Customer_0938,67,Male,16,827.3,13236.8,17,778.64,1,24,1,0
Customer_0939,68,Male,12,727.29,8727.48,9,969.72,4,64,2,1
Customer_0940,36,Male,17,286.12,4864.04,38,128.0,5,100,0,1
Customer_0941,38,Female,16,414.4,6630.4,13,510.03,0,114,2,0
Customer_0942,22,Male,12,120.69,1448.28,27,53.64,1,24,2,0
Customer_0943,35,Female,8,205.26,1642.08,12,136.84,2,155,5,1
Customer_0944,45,Female,20,787.36,15747.2,26,605.66,1,165,3,1
Customer_0945,59,Female,3,720.74,2162.22,7,308.89,4,91,2,1
Customer_0946,39,Male,16,601.62,9625.92,27,356.52,2,167,4,1
Customer_0947,38,Female,30,897.81,26934.3,50,538.69,2,26,5,0
Customer_0948,23,Male,45,591.6,26622.0,73,364.68,3,65,3,1
Customer_0949,18,Female,23,477.63,10985.49,29,378.81,1,120,2,0
Customer_0950,22,Male,28,353.56,9899.68,58,170.68,1,4,0,0
Customer_0951,58,Female,51,941.64,48023.64,51,941.64,0,157,3,0
Customer_0952,29,Male,40,101.06,4042.4,95,42.55,4,1,1,0
Customer_0953,43,Female,54,932.27,50342.58,124,405.99,2,50,6,0
Customer_0954,63,Male,5,830.18,4150.9,6,691.82,1,110,4,1
Customer_0955,51,Male,20,147.33,2946.6,39,75.55,2,139,3,1
Customer_0956,66,Male,40,573.68,22947.2,66,347.68,1,74,7,0
Customer_0957,31,Male,56,869.22,48676.32,66,737.52,1,62,4,0
Customer_0958,43,Female,44,580.37,25536.28,109,234.28,0,81,3,0
Customer_0959,62,Female,1,909.06,909.06,1,909.06,0,164,1,1
Customer_0960,44,Male,57,944.12,53814.84,57,944.12,2,56,2,0
Customer_0961,26,Female,30,433.94,13018.2,46,283.0,2,111,1,0
Customer_0962,43,Male,21,389.77,8185.17,32,255.79,7,21,4,1
Customer_0963,64,Male,20,937.59,18751.8,34,551.52,3,141,2,1
Customer_0964,39,Female,6,681.64,4089.84,12,340.82,3,9,1,0
Customer_0965,64,Male,22,133.7,2941.4,38,77.41,5,139,2,1
Customer_0966,47,Male,18,61.45,1106.1,31,35.68,3,70,1,0
Customer_0967,60,Female,8,573.34,4586.72,5,917.34,1,129,3,0
Customer_0968,65,Male,39,931.57,36331.23,49,741.45,2,118,1,1
Customer_0969,34,Male,32,847.36,27115.52,31,874.69,0,56,3,0
Customer_0970,43,Male,33,682.33,22516.89,34,662.26,2,31,3,0
Customer_0971,53,Male,53,156.33,8285.49,85,97.48,3,37,1,0
Customer_0972,18,Female,16,269.15,4306.4,14,307.6,5,175,2,1
Customer_0973,25,Female,12,878.0,10536.0,13,810.46,2,91,3,1
Customer_0974,66,Female,38,199.15,7567.7,37,204.53,1,114,6,0
Customer_0975,52,Male,52,292.87,15229.24,125,121.83,3,128,3,0
Customer_0976,69,Male,34,147.01,4998.34,81,61.71,0,175,5,0
Customer_0977,32,Female,14,682.59,9556.26,24,398.18,3,122,1,1
Customer_0978,64,Male,36,945.1,34023.6,85,400.28,3,69,2,0
Customer_0979,39,Male,33,283.59,9358.47,68,137.62,5,36,3,1
Customer_0980,31,Male,23,485.9,11175.7,39,286.56,2,32,3,1
Customer_0981,43,Male,50,641.65,32082.5,26,1233.94,0,64,1,0
Customer_0982,45,Female,45,999.48,44976.6,92,488.88,1,170,3,0
Customer_0983,40,Female,2,122.71,245.42,4,61.36,3,48,3,0
Customer_0984,31,Female,41,508.6,20852.6,71,293.7,4,81,1,1
Customer_0985,41,Male,21,397.42,8345.82,42,198.71,4,158,3,1
Customer_0986,19,Female,2,868.5,1737.0,3,579.0,3,149,2,1
Customer_0987,62,Female,27,486.45,13134.15,52,252.58,1,60,4,0
Customer_0988,43,Male,57,128.76,7339.32,135,54.37,0,141,4,0
Customer_0989,31,Male,9,641.74,5775.66,11,525.06,2,1,3,0
Customer_0990,68,Female,1,775.37,775.37,2,387.68,3,65,4,1
Customer_0991,24,Female,11,22.82,251.02,16,15.69,2,33,5,1
Customer_0992,20,Female,3,861.78,2585.34,6,430.89,1,38,3,0
Customer_0993,64,Female,52,202.3,10519.6,105,100.19,3,25,2,0
Customer_0994,40,Male,23,561.03,12903.69,14,921.69,1,154,6,1
Customer_0995,63,Female,26,427.48,11114.48,47,236.48,3,59,2,0
Customer_0996,60,Female,4,725.26,2901.04,4,725.26,3,161,2,1
Customer_0997,64,Male,18,383.74,6907.32,33,209.31,4,101,4,0
Customer_0998,62,Female,55,872.37,47980.35,79,607.35,2,127,1,0
Customer_0999,35,Male,6,735.89,4415.34,12,367.94,1,41,0,0
Customer_1000,55,Male,35,654.76,22916.6,26,881.41,3,158,4,1
